Group,Traits,CHR,BP,SNP,MA,MAF,BETA,SE,P,Closest Genes
ALL,A β 42,8,20647323,rs55644114,A,0.16,0.41,0.07,2.54×10 -8,"GFRA2, LZTS1"
ALL,A β 42,12,13870464,rs74442473,G,0.07,-1.02,0.18,2.53×10 -8,GRIN2B
ALL,A β 42,17,59687842,rs2378873,T,0.44,-0.53,0.10,2.03×10 -8,"BRIP1, NACA2"
CN,t-Tau,12,119390525,rs10775009,T,0.34,0.51,0.09,1.59×10 -9,SRRM4
CN,t-Tau,14,105385352,rs2819438,A,0.13,- 0.80,0.14,6.94×10 -9,"PLD4, C14orf79"
CN,HPV,8,17496561,rs4921790,C,0.12,0.61,0.10,4.58×10 -9,"PDGFRL, MTUS1"
CN,LMdT,1,57739164,rs74834332,A,0.03,0.79,0.14,4.30×10 -8,DAB1
CN,LMdT,10,53818149,rs12268753,C,0.21,0.30,0.05,2.01×10 -8,PRKG1
MCI,LMdT,4,86416554,rs111882035,G,0.02,-0.93,0.17,2.74×10 -8,ARHGAP24
MCI,LMdT,7,88406552,rs73705514,C,0.02,- 0.84,0.14,2.86×10 -9,ZNF804B
MCI,LMiT,8,31228770,rs118130881,G,0.04,-0.61,0.11,1.72×10 -8,NRG1
AD,HPV,6,136077929,rs79846291,T,0.02,1.85,0.31,1.76×10 -8,"LINC00271, PDE7B"
